concept:arthropodthatfeedoninsect,0
concept:teamplaysincity,1
concept:organizationhastopmember,2
concept:citystadiums,3
concept:createdbyagent,4
concept:proxyfor,5
concept:organizationcreatedatdate,6
concept:cityliesonriver,7
concept:coachworksincountry,8
concept:academicprogramatuniversity,9
concept:countryisthehomeofsportsteam,10
concept:arthropodlookslikeinsect,11
concept:cityhotels,12
concept:subpartoforganization,13
concept:athleteinjuredhisbodypart,14
concept:persondiedinlocation,15
concept:worker,16
concept:organizationcreatedbyperson,17
concept:inverseofbankchiefexecutiveceo,18
concept:countrycities,19
concept:stateorprovinceresidenceofperson,20
concept:citynewspaper,21
concept:personhasresidenceincountry,22
concept:leagueplayers,23
concept:musicianplaysinstrument,24
concept:generalizationof,25
concept:personleadscity,26
concept:sportusesstadium,27
concept:personhasparent,28
concept:wifeof,29
concept:topmemberoforganization,30
concept:istallerthan,31
concept:publicationjournalist,32
concept:statehascapital,33
concept:statecontainsfarm,34
concept:teamplayssport,35
concept:countryhascompanyoffice,36
concept:countryofpersonbirth,37
concept:locationofitemexistence,38
concept:inverseofagriculturalproductcookedwithagricultureproduct,39
concept:ismultipleof,40
concept:dateof,41
concept:countrycontainsfarm,42
concept:inverseofanimalsuchasinsect,43
concept:equipmentusedbysport,44
concept:organizationhasagent,45
concept:companyceo,46
concept:inverseoflanguegeschoolincity,47
concept:politicianholdsoffice,48
concept:geopoliticallocationresidenceofpersion,49
concept:stadiumhometoathlete,50
concept:officeheldbypolitician,51
concept:politicianusendorsespoliticianus,52
concept:inverseofagriculturalproducttoattractinsect,53
concept:persondeathdate,54
concept:winneringame,55
concept:beveragemadefrombeverage,56
concept:athleteplaysforteam,57
concept:instrumentplayedbymusician,58
concept:agriculturalproductcookedwithagriculturalproduct,59
concept:inverseofanimalssuchasmammals,60
concept:arthropodandotherarthropod,61
concept:geopoliticallocationcontainscity,62
concept:agentinvolvedwithitem,63
concept:organizationacronymhasname,64
concept:stadiumhometeam,65
concept:marriedinyear,66
concept:musicalartisthadapetanimal,67
concept:chemicaltypehaschemical,68
concept:worksfor,69
concept:producedby,70
concept:drugworkedonbyagent,71
concept:geopoliticalorganizationleadbyperson,72
concept:inverseofwriterwasbornincity,73
concept:athletecoach,74
concept:organizationheadquarteredincountry,75
concept:automakerproducesmodel,76
concept:stadiumhometosport,77
concept:athleteplayssport,78
concept:inverseofinsecteatsgrain,79
concept:sportusesequipment,80
concept:companyalsoknownas,81
concept:acquired,82
concept:cityhasairport,83
concept:iteminvolvedwithagent,84
concept:animaltypehasanimal,85
concept:locationofpersondeath,86
concept:musicgenreartist,87
concept:inverseofclothingmadefromplant,88
concept:inverseofarachnidiseatenbybird,89
concept:stateorprovinceoforganizationheadquarters,90
concept:agriculturalproductgrowninlandscapefeatures,91
concept:animaleatfood,92
concept:inverseofvegetableproductioninstateorprovince,93
concept:jobpositionheldbyperson,94
concept:professiontypehasprofession,95
concept:inverseofagriculturalproductgrowninlandscapefeature,96
concept:agriculturalproducttoattractinsect,97
concept:hospitalincity,98
concept:personbornincountry,99
concept:dateoforganizationcreation,100
concept:hasofficeincity,101
concept:statehaslake,102
concept:producesproduct,103
concept:stateorprovinceisborderedbystateorprovince,104
concept:museumincity,105
concept:countrycapital,106
concept:personhasresidenceinstateorprovince,107
concept:vegetableproductioninstateorprovince,108
concept:organizationheadquarteredincity,109
concept:personbelongstoorganization,110
concept:personhasresidenceincity,111
concept:inverseofprofessionactsatthesameareaofpoliticissue,112
concept:fatherofperson,113
concept:inverseofdiseasemaybecausedbydrug,114
concept:athletehomestadium,115
concept:chemicalistypeofchemical,116
concept:sportnamehasoriginlanguage,117
concept:televisioncompanyaffiliate,118
concept:productproducedincountry,119
concept:diseasemaybecausedbydrug,120
concept:personborninlocation,121
concept:sportfansincountry,122
concept:inverseofmammalsuchasmammal,123
concept:citylocatedincountry,124
concept:coachesteam,125
concept:specializationof,126
concept:farmlocatedincountry,127
concept:inverseofanimaleatfood,128
concept:personalsoknownas,129
concept:inverseofinvertebratefeedonfood,130
concept:subjectconcernedbyacademicfield,131
concept:citytelevisionstation,132
concept:inverseofcoachcanspeaklanguage,133
concept:agentcontrols,134
concept:agentcreated,135
concept:objectfoundinscene,136
concept:personattendsschool,137
concept:organizationnamehasacronym,138
concept:countrylanguage,139
concept:inverseofvegetableisproducedatcountry,140
concept:weaponmadeincountry,141
concept:bodypartcontainsbodypart,142
concept:agentcontributedtocreativework,143
concept:agentparticipatedinevent,144
concept:economicsectorcompany,145
concept:schoolgraduatedperson,146
concept:cityhashospital,147
concept:players,148
concept:jobpositionusesacademicfield,149
concept:inverseofanimalfeedoninsect,150
concept:athletealsoknownas,151
concept:arthropodcanbeveryirritatingtomammal,152
concept:vegetableisproducedatcountry,153
concept:languageofuniversity,154
concept:teammember,155
concept:inverseofarthropodcalledarthropod,156
concept:countryhascitizen,157
concept:inverseofagriculturalproductgrowinginstateorprovince,158
concept:creativeworkcontributedtobyagent,159
concept:inverseofsportschoolincountry,160
concept:itemfoundinroom,161
concept:academicfieldusedinjobposition,162
concept:inverseofweaponmadeincountry,163
concept:languageofsportsgame,164
concept:personbirthdate,165
concept:inverseofautomobilemakerdealersincountry,166
concept:academicfieldsuchasacademicfield,167
concept:countryofpersondeath,168
concept:animalsuchasfish,169
concept:cityalsoknownas,170
concept:inverseofcountriessuchascountries,171
concept:teamhomestadium,172
concept:parkincity,173
concept:superpartof,174
concept:organizationleadbyperson,175
concept:companiesheadquarteredhere,176
concept:academicfieldusedbyeconomicsector,177
concept:locationlocatedwithinlocation,178
concept:inverseofbankbankincountry,179
concept:countryoforganizationheadquarters,180
concept:motherofperson,181
concept:bankchiefexecutiveceo,182
concept:agriculturalproductcamefromcountry,183
concept:agentholdssharesincompany,184
concept:clothingmadefromplant,185
concept:personterminatedbyorganization,186
concept:cityofpersonbirth,187
concept:inverseofarthropodlooklikeinsect,188
concept:academicfieldconcernssubject,189
concept:politicianusholdsoffice,190
concept:politicianuswenttoschool,191
concept:economicsectorusingacademicfield,192
concept:organizationhasofficialwebsite,193
concept:automobilemakerdealersincountry,194
concept:officialwebsiteoforganization,195
concept:inverseofarthropodfeedoninsect,196
concept:dateofsportsgame,197
concept:persondiedincity,198
concept:organizationterminatedperson,199
concept:atlocation,200
concept:stateorprovinceofpersonbirth,201
concept:inverseofmusicalartisthadapetanimal,202
concept:locationofpersonbirth,203
concept:radiostationincity,204
concept:cityhascompanyoffice,205
concept:persongraduatedfromuniversity,206
concept:personhasjobposition,207
concept:superpartoforganization,208
concept:geopoliticallocationcontainscountry,209
concept:countrylocatedingeopoliticallocation,210
concept:inverseoffooddecreasestheriskofdisease,211
concept:musicartistmusician,212
concept:animalsuchasinsect,213
concept:synonymfor,214
concept:animalpreyson,215
concept:inverseofacademicfieldsuchasacademicfield,216
concept:yearofmarriage,217
concept:dateofpersondeath,218
concept:mammalcanbeirritatedbyarthropod,219
concept:inverseofbeveragemadefrombeverage,220
concept:inverseofanimaleatvegetable,221
concept:automobilemakercardealersinstateorprovince,222
concept:isoneoccurrenceof,223
concept:itemexistsatlocation,224
concept:countrycurrency,225
concept:coachcanspeaklanguage,226
concept:citylocatedinstate,227
concept:citysportsteams,228
concept:attractionofcity,229
concept:professionistypeofprofession,230
concept:citylanguage,231
concept:cityparks,232
concept:personleadsgeopoliticalorganization,233
concept:invertebrateturnintoinsect,234
concept:politicianusendorsedbypoliticianus,235
concept:stadiumoreventvenuedisclosescompany,236
concept:animalthatfeedoninsect,237
concept:sportteam,238
concept:citycapitalofcountry,239
concept:televisionstationincity,240
concept:inverseofagriculturalproductincludingagriculturalproduct,241
concept:cityofpersondeath,242
concept:lakeinstate,243
concept:politicalgroupofpoliticianus,244
concept:teammate,245
concept:riverflowsthroughcity,246
concept:inverseofanimalsuchasfish,247
concept:organizationalsoknownas,248
concept:personhascitizenship,249
concept:inverseofpersongraduatedfromuniversity,250
concept:arachnidiseatenbybird,251
concept:personleadsorganization,252
concept:languageofcity,253
concept:leaguestadiums,254
concept:cityattractions,255
concept:subpartof,256
concept:animalsuchasinvertebrate,257
concept:animalssuchasmammals,258
concept:bodypartwithinbodypart,259
concept:inverseofanimalsuchasmollusk,260
concept:transportationincity,261
concept:automobilemakerchiefexecutiveceo,262
concept:teamplaysagainstteam,263
concept:dateoforganzationdissolution,264
concept:statehasmountain,265
concept:headquarteredin,266
concept:leagueteams,267
concept:mammalsuchasmammal,268
concept:persongraduatedschool,269
concept:inverseofathleteinjuredhisbodypart,270
concept:inverseofstadiumoreventvenuedisclosescompany,271
concept:competeswith,272
concept:statelocatedingeopoliticallocation,273
concept:companyeconomicsector,274
concept:inverseofautomobilemakerdealersincity,275
concept:parentofperson,276
concept:arthropodcalledarthropod,277
concept:musicianinmusicartist,278
concept:citycapitalofstate,279
concept:politicianusmemberofpoliticalgroup,280
concept:universityoperatesinlanguage,281
concept:organizationheadquarteredinstateorprovince,282
concept:countryresidenceofperson,283
concept:farmlocatedinstate,284
concept:personhasmother,285
concept:insecteatsgrain,286
concept:scenecontainsobject,287
concept:universityincity,288
concept:sportsgamedate,289
concept:locatedat,290
concept:organizationdissolvedatdate,291
concept:cityleadbyperson,292
concept:personwrittenaboutinpublication,293
concept:agentcompeteswithagent,294
concept:companyhasshareholder,295
concept:bankbankincountry,296
concept:citymuseums,297
concept:farmproducesagriculturalproduct,298
concept:athleteledsportsteam,299
concept:personhasfather,300
concept:agentworkedondrug,301
concept:bankboughtbank,302
concept:cityuniversities,303
concept:sportsgameteam,304
concept:agriculturalproductproducedbyfarm,305
concept:clothingtogowithclothing,306
concept:personbornincity,307
concept:inverseofanimalsuchasinvertebrate,308
concept:inverseofathleteledsportsteam,309
concept:citycontainsbuilding,310
concept:agentactsinlocation,311
concept:airportincity,312
concept:agentcollaborateswithagent,313
concept:automodelproducedbymaker,314
concept:mutualproxyfor,315
concept:personmovedtostateorprovince,316
concept:hotelincity,317
concept:officeheldbypoliticianus,318
concept:teamcoach,319
concept:invertebratefeedonfood,320
concept:roomcancontainitem,321
concept:dateofpersonbirth,322
concept:schoolattendedbyperson,323
concept:atdate,324
concept:buildinglocatedincity,325
concept:cityhostsattraction,326
concept:animaldevelopdisease,327
concept:hassibling,328
concept:stadiumlocatedincity,329
concept:languageofcountry,330
concept:cityradiostation,331
concept:leaguecoaches,332
concept:inverseofarthropodandotherarthropod,333
concept:locationcontainslocation,334
concept:countriessuchascountries,335
concept:inverseofautomobilemakerchiefexecutiveceo,336
concept:husbandof,337
concept:universityhasacademicprogram,338
concept:hasfamilymember,339
concept:inverseofsportfansincountry,340
concept:ageofperson,341
concept:ceoof,342
concept:inverseofagriculturalproductcamefromcountry,343
concept:agenthaswebsite,344
concept:sportschoolincountry,345
concept:inverseofautomobilemakercardealersinstateorprovince,346
concept:sportsgamewinner,347
concept:cityhastransportation,348
concept:politicianrepresentslocation,349
concept:personhasage,350
concept:teamplaysinleague,351
concept:journalistwritesforpublication,352
concept:agriculturalproductgrowinginstateorprovince,353
concept:organizationhasperson,354
concept:locationactedinbyagent,355
concept:proxyof,356
concept:personhiredbyorganization,357
concept:inverseofpersonmovedtostateorprovince,358
concept:acquiredby,359
concept:stadiumhometoleague,360
concept:animalpredators,361
concept:professionactsatthesameareaofpoliticissue,362
concept:cityoforganizationheadquarters,363
concept:countryalsoknownas,364
concept:fooddecreasestheriskofdisease,365
concept:mountaininstate,366
concept:countrystates,367
concept:personborninstateorprovince,368
concept:eventhasparticipantagent,369
concept:teamingame,370
concept:inverseofanimaldevelopdisease,371
concept:languageschoolincity,372
concept:musicartistgenre,373
concept:hasofficeincountry,374
concept:hasspouse,375
concept:inverseofinvertebrateturnintoinsect,376
concept:athleteplaysinleague,377
concept:websiteoperatedbyagent,378
concept:hashusband,379
concept:agentcreatedorganization,380
concept:agriculturalproductincludingagriculturalproduct,381
concept:currencycountry,382
concept:agentowns,383
concept:statecontainscity,384
concept:automobilemakerdealersincity,385
concept:agentbelongstoorganization,386
concept:persondiedincountry,387
concept:fishservedwithfood,388
concept:controlledbyagent,389
concept:coachesinleague,390
concept:haswife,391
concept:locationrepresentedbypolitician,392
concept:ownedbyagent,393
concept:televisionstationaffiliatedwith,394
concept:attractionbefallincity,395
concept:animalistypeofanimal,396
concept:countryproducesproduct,397
concept:citylocatedingeopoliticallocation,398
concept:inverseofbankboughtbank,399
concept:inverseoffishservedwithfood,400
concept:statelocatedincountry,401
concept:teamalsoknownas,402
concept:inverseofpoliticianuswenttoschool,403
concept:publicationwritesabout,404
concept:coachesathlete,405
concept:organizationhiredperson,406
concept:isshorterthan,407
concept:personhasresidenceingeopoliticallocation,408
concept:inverseofcoachworksincountry,409
concept:inverseofcountryisthehomeofsportsteam,410
concept:newspaperincity,411
concept:animalsuchasmollusk,412
concept:cityresidenceofperson,413
concept:geopoliticallocationcontainsstate,414
concept:writerwasbornincity,415
concept:animaleatvegetable,416
